Date,Municipality,Confirmed
3/6/2020,Cherry Hill Township,1
3/13/2020,Cherry Hill Township,1
3/16/2020,Haddon Township,1
3/18/2020,Cherry Hill Township,3
3/18/2020,Pine Hill Borough,1
3/19/2020,,2
3/19/2020,Barrington Borough,1
3/19/2020,Cherry Hill Township,1
3/19/2020,Voorhees Township,1
3/20/2020,Camden City,1
3/20/2020,Haddonfield Borough,1
3/20/2020,Winslow Township,2
3/21/2020,Cherry Hill Township,2
3/21/2020,Gloucester Township,1
3/21/2020,Pennsauken Township,1
3/22/2020,Barrington Borough,1
3/22/2020,Cherry Hill Township,3
3/22/2020,Winslow Township,1
3/23/2020,Blackwood,1
3/23/2020,Camden City,1
3/23/2020,Cherry Hill Township,5
3/23/2020,Clementon Borough,2
3/23/2020,Haddon Township,2
3/23/2020,Pennsauken Township,1
3/23/2020,Somerdale Borough,1
3/23/2020,Voorhees Township,1
3/23/2020,Waterford Township,1
3/23/2020,Waterford Works Township,1
3/24/2020,Bellmawr Borough,1
3/24/2020,Camden City,1
3/24/2020,Cherry Hill Township,2
3/24/2020,Collingswood Borough,2
3/24/2020,Gloucester City,1
3/24/2020,Gloucester Township,2
3/24/2020,Haddonfield Borough,1
3/24/2020,Lindenwold Borough,1
3/24/2020,Magnolia Borough,1
3/24/2020,Pine Hill Borough,1
3/24/2020,Somerdale Borough,1
3/24/2020,Voorhees Township,1
3/24/2020,Winslow Township,3
3/25/2020,Cherry Hill Township,6
3/25/2020,Gloucester City,1
3/25/2020,Pennsauken Township,1
3/25/2020,Voorhees Township,2
3/25/2020,Winslow Township,1
3/26/2020,,1
3/26/2020,Camden City,2
3/26/2020,Cherry Hill Township,2
3/26/2020,Gloucester Township,3
3/26/2020,Haddon Heights Borough,1
3/26/2020,Haddonfield Borough,1
3/26/2020,Oaklyn Borough,1
3/26/2020,Pennsauken Township,1
3/26/2020,Voorhees Township,2
3/27/2020,Barrington Borough,1
3/27/2020,Camden City,1
3/27/2020,Cherry Hill Township,7
3/27/2020,Collingswood Borough,1
3/27/2020,Gloucester Township,4
3/27/2020,Haddon Township,1
3/27/2020,Haddonfield Borough,1
3/27/2020,Lindenwold Borough,3
3/27/2020,Merchantville Borough,2
3/27/2020,Pennsauken Township,5
3/27/2020,Pine Hill Borough,2
3/27/2020,Voorhees Township,2
3/27/2020,Winslow Township,3
3/28/2020,Barrington Borough,1
3/28/2020,Bellmawr Borough,1
3/28/2020,Berlin Township,1
3/28/2020,Camden City,2
3/28/2020,Cherry Hill Township,4
3/28/2020,Gloucester Township,5
3/28/2020,Merchantville Borough,1
3/28/2020,Runnemede Borough,1
3/28/2020,Voorhees Township,1
3/28/2020,Winslow Township,4
3/29/2020,Camden City,1
3/29/2020,Cherry Hill Township,7
3/29/2020,Collingswood Borough,1
3/29/2020,Gloucester City,1
3/29/2020,Gloucester Township,6
3/29/2020,Lindenwold Borough,2
3/29/2020,Mount Ephraim Borough,1
3/29/2020,Somerdale Borough,1
3/29/2020,Voorhees Township,1
3/29/2020,Winslow Township,4
3/30/2020,Audubon Borough,1
3/30/2020,Bellmawr Borough,1
3/30/2020,Brooklawn Borough,1
3/30/2020,Camden City,3
3/30/2020,Cherry Hill Township,9
3/30/2020,Collingswood Borough,1
3/30/2020,Gloucester Township,4
3/30/2020,Gloucester Twp ,1
3/30/2020,Haddon Township,1
3/30/2020,Lawnside Borough,1
3/30/2020,Magnolia Borough,1
3/30/2020,Oaklyn Borough,1
3/30/2020,Pennsauken Township,5
3/30/2020,Pine Hill Borough,1
3/30/2020,Voorhees Township,2
3/30/2020,Waterford Township,1
3/30/2020,Winslow Township,6
3/30/2020,Woodlynne Borough,1
3/31/2020,Audubon Borough,1
3/31/2020,Camden City,4
3/31/2020,Cherry Hill Township,7
3/31/2020,Gloucester Township,8
3/31/2020,Haddon Heights Borough,1
3/31/2020,Haddonfield Borough,2
3/31/2020,Magnolia Borough,1
3/31/2020,Pennsauken Township,9
3/31/2020,Pine Hill Borough,1
3/31/2020,Stratford Borough,1
3/31/2020,Voorhees Township,2
3/31/2020,Winslow Township,3
3/31/2020,Woodlynne Borough,1
4/1/2020,Audubon Borough,2
4/1/2020,Barrington Borough,2
4/1/2020,Berlin Borough,1
4/1/2020,Camden City,7
4/1/2020,Cherry Hill Township,7
4/1/2020,Chesilhurst Borough,1
4/1/2020,Clementon Borough,1
4/1/2020,Collingswood Borough,1
4/1/2020,Gloucester Township,9
4/1/2020,Haddonfield Borough,2
4/1/2020,Hi-Nella Borough,1
4/1/2020,Lawnside Borough,1
4/1/2020,Lindenwold Borough,2
4/1/2020,Merchantville Borough,1
4/1/2020,Pennsauken Township,8
4/1/2020,Runnemede Borough,1
4/1/2020,Stratford Borough,1
4/1/2020,Voorhees Township,4
4/1/2020,Winslow Township,6
4/1/2020,Woodlynne Borough,1
4/2/2020,Audubon Borough,1
4/2/2020,Barrington Borough,1
4/2/2020,Bellmawr Borough,1
4/2/2020,Brooklawn Borough,1
4/2/2020,Camden City,10
4/2/2020,Cherry Hill Township,7
4/2/2020,Collingswood Borough,1
4/2/2020,Gloucester City,1
4/2/2020,Gloucester Township,5
4/2/2020,Lindenwold Borough,3
4/2/2020,Merchantville Borough,1
4/2/2020,Pennsauken Township,5
4/2/2020,Pine Hill Borough,1
4/2/2020,Runnemede Borough,1
4/2/2020,Somerdale Borough,1
4/2/2020,Voorhees Township,1
4/2/2020,Winslow Township,7
4/3/2020,Audubon Borough,1
4/3/2020,Bellmawr Borough,2
4/3/2020,Berlin Borough,2
4/3/2020,Brooklawn Borough,1
4/3/2020,Camden City,7
4/3/2020,Cherry Hill Township,9
4/3/2020,Gloucester City,1
4/3/2020,Gloucester Township,9
4/3/2020,Haddon Township,1
4/3/2020,Haddonfield Borough,2
4/3/2020,Lindenwold Borough,3
4/3/2020,Oaklyn Borough,1
4/3/2020,Pine Hill Borough,3
4/3/2020,Voorhees Township,4
4/3/2020,Waterford Township,2
4/3/2020,Winslow Township,11
4/4/2020,Berlin Borough,1
4/4/2020,Camden City,12
4/4/2020,Cherry Hill Township,19
4/4/2020,Collingswood Borough,4
4/4/2020,Gloucester City,2
4/4/2020,Gloucester Township,13
4/4/2020,Haddon Township,4
4/4/2020,Haddonfield Borough,2
4/4/2020,Lawnside Borough,2
4/4/2020,Lindenwold Borough,6
4/4/2020,Magnolia Borough,1
4/4/2020,Merchantville Borough,1
4/4/2020,Pennsauken Township,4
4/4/2020,Pine Hill Borough,1
4/4/2020,Somerdale Borough,1
4/4/2020,Stratford Borough,1
4/4/2020,Voorhees Township,7
4/4/2020,Waterford Township,2
4/4/2020,Winslow Township,11
4/4/2020,Woodlynne Borough,1
4/5/2020,Audubon Borough,1
4/5/2020,Bellmawr Borough,1
4/5/2020,Camden City,12
4/5/2020,Cherry Hill Township,11
4/5/2020,Collingswood Borough,2
4/5/2020,Gloucester Township,2
4/5/2020,Haddon Heights Borough,2
4/5/2020,Haddon Township,1
4/5/2020,Haddonfield Borough,1
4/5/2020,Lawnside Borough,1
4/5/2020,Lindenwold Borough,3
4/5/2020,Magnolia Borough,1
4/5/2020,Merchantville Borough,2
4/5/2020,Pennsauken Township,8
4/5/2020,Runnemede Borough,3
4/5/2020,Somerdale Borough,1
4/5/2020,Voorhees Township,4
4/5/2020,Waterford Township,1
4/5/2020,Winslow Township,2
4/6/2020,Audubon Borough,1
4/6/2020,Barrington Borough,1
4/6/2020,Bellmawr Borough,4
4/6/2020,Berlin Borough,2
4/6/2020,Camden City,15
4/6/2020,Cherry Hill Township,20
4/6/2020,Clementon Borough,1
4/6/2020,Collingswood Borough,4
4/6/2020,Gibbsboro Borough,1
4/6/2020,Gloucester City,1
4/6/2020,Gloucester Township,14
4/6/2020,Haddon Township,4
4/6/2020,Laurel Springs Borough,1
4/6/2020,Lindenwold Borough,6
4/6/2020,Merchantville Borough,2
4/6/2020,Mount Ephraim Borough,1
4/6/2020,Pennsauken Township,13
4/6/2020,Pine Hill Borough,1
4/6/2020,Runnemede Borough,1
4/6/2020,Somerdale Borough,3
4/6/2020,Voorhees Township,12
4/6/2020,Waterford Township,1
4/6/2020,Winslow Township,11
4/6/2020,Woodlynne Borough,1
4/7/2020,Barrington Borough,1
4/7/2020,Bellmawr Borough,2
4/7/2020,Berlin Borough,3
4/7/2020,Camden City,22
4/7/2020,Cherry Hill Township,10
4/7/2020,Chesilhurst Borough,1
4/7/2020,Clementon Borough,1
4/7/2020,Collingswood Borough,3
4/7/2020,Gloucester City,1
4/7/2020,Gloucester Township,9
4/7/2020,Haddon Township,2
4/7/2020,Haddonfield Borough,1
4/7/2020,Lindenwold Borough,4
4/7/2020,Pennsauken Township,6
4/7/2020,Pine Hill Borough,1
4/7/2020,Runnemede Borough,2
4/7/2020,Somerdale Borough,1
4/7/2020,Stratford Borough,1
4/7/2020,Voorhees Township,20
4/7/2020,Winslow Township,5
4/7/2020,Woodlynne Borough,1
4/8/2020,Audubon Borough,1
4/8/2020,Bellmawr Borough,1
4/8/2020,Camden City,32
4/8/2020,Cherry Hill Township,12
4/8/2020,Clementon Borough,1
4/8/2020,Collingswood Borough,1
4/8/2020,Gloucester Township,6
4/8/2020,Haddonfield Borough,1
4/8/2020,Lawnside Borough,1
4/8/2020,Lindenwold Borough,6
4/8/2020,Magnolia Borough,1
4/8/2020,Oaklyn Borough,1
4/8/2020,Pennsauken Township,6
4/8/2020,Pine Hill Borough,6
4/8/2020,Runnemede Borough,6
4/8/2020,Somerdale Borough,1
4/8/2020,Stratford Borough,1
4/8/2020,Voorhees Township,8
4/8/2020,Waterford Township,2
4/8/2020,Winslow Township,2
4/9/2020,Audubon Borough,2
4/9/2020,Barrington Borough,1
4/9/2020,Bellmawr Borough,3
4/9/2020,Berlin Borough,2
4/9/2020,Camden City,30
4/9/2020,Cherry Hill Township,26
4/9/2020,Clementon Borough,3
4/9/2020,Collingswood Borough,1
4/9/2020,Gloucester Township,17
4/9/2020,Haddon Township,2
4/9/2020,Haddonfield Borough,1
4/9/2020,Lindenwold Borough,4
4/9/2020,Merchantville Borough,3
4/9/2020,Mount Ephraim Borough,1
4/9/2020,Pennsauken Township,15
4/9/2020,Pine Hill Borough,1
4/9/2020,Voorhees Township,8
4/9/2020,Waterford Township,1
4/9/2020,Winslow Township,7
4/9/2020,Woodlynne Borough,4
4/10/2020,Audubon Borough,1
4/10/2020,Camden City,24
4/10/2020,Cherry Hill Township,10
4/10/2020,Gloucester City,2
4/10/2020,Gloucester Township,4
4/10/2020,Haddonfield Borough,2
4/10/2020,Lawnside Borough,2
4/10/2020,Lindenwold Borough,5
4/10/2020,Merchantville Borough,2
4/10/2020,Pennsauken Township,9
4/10/2020,Pine Hill Borough,3
4/10/2020,Runnemede Borough,2
4/10/2020,Somerdale Borough,1
4/10/2020,Stratford Borough,2
4/10/2020,Voorhees Township,8
4/10/2020,Winslow Township,4
4/10/2020,Woodlynne Borough,3
4/11/2020,Barrington Borough,1
4/11/2020,Bellmawr Borough,1
4/11/2020,Berlin Borough,2
4/11/2020,Camden City,16
4/11/2020,Cherry Hill Township,20
4/11/2020,Gloucester City,1
4/11/2020,Gloucester Township,12
4/11/2020,Haddon Township,1
4/11/2020,Hi-Nella Borough,1
4/11/2020,Lindenwold Borough,2
4/11/2020,Pennsauken Township,13
4/11/2020,Pine Hill Borough,1
4/11/2020,Runnemede Borough,1
4/11/2020,Stratford Borough,1
4/11/2020,Voorhees Township,5
4/11/2020,Waterford Township,1
4/11/2020,Winslow Township,4
4/12/2020,Bellmawr Borough,2
4/12/2020,Camden City,16
4/12/2020,Cherry Hill Township,16
4/12/2020,Chesilhurst Borough,2
4/12/2020,Clementon Borough,1
4/12/2020,Gloucester City,2
4/12/2020,Gloucester Township,9
4/12/2020,Laurel Springs Borough,1
4/12/2020,Lawnside Borough,1
4/12/2020,Lindenwold Borough,3
4/12/2020,Merchantville Borough,1
4/12/2020,Oaklyn Borough,2
4/12/2020,Pennsauken Township,10
4/12/2020,Pine Hill Borough,1
4/12/2020,Stratford Borough,1
4/12/2020,Voorhees Township,5
4/12/2020,Winslow Township,5
4/12/2020,Woodlynne Borough,2
4/13/2020,Audubon Borough,1
4/13/2020,Bellmawr Borough,1
4/13/2020,Berlin Borough,1
4/13/2020,Camden City,40
4/13/2020,Cherry Hill Township,8
4/13/2020,Collingswood Borough,4
4/13/2020,Gibbsboro Borough,1
4/13/2020,Gloucester City,3
4/13/2020,Gloucester Township,15
4/13/2020,Haddon Heights Borough,1
4/13/2020,Haddon Township,1
4/13/2020,Haddonfield Borough,1
4/13/2020,Laurel Springs Borough,3
4/13/2020,Lawnside Borough,1
4/13/2020,Lindenwold Borough,12
4/13/2020,Merchantville Borough,1
4/13/2020,Mount Ephraim Borough,1
4/13/2020,Pennsauken Township,12
4/13/2020,Pine Hill Borough,1
4/13/2020,Runnemede Borough,2
4/13/2020,Somerdale Borough,1
4/13/2020,Stratford Borough,1
4/13/2020,Voorhees Township,4
4/13/2020,Winslow Township,8
4/13/2020,Woodlynne Borough,2
4/13/2020, Pennsauken Township,1
4/14/2020,,1
4/14/2020,Audubon Borough,1
4/14/2020,Barrington Borough,1
4/14/2020,Bellmawr Borough,1
4/14/2020,Berlin Borough,3
4/14/2020,Camden City,26
4/14/2020,Cherry Hill Township,8
4/14/2020,Clementon Borough,4
4/14/2020,Gibbsboro Borough,1
4/14/2020,Gloucester City,1
4/14/2020,Gloucester Township,9
4/14/2020,Haddon Heights Borough,1
4/14/2020,Haddon Township,1
4/14/2020,Laurel Springs Borough,1
4/14/2020,Lindenwold Borough,5
4/14/2020,Magnolia Borough,1
4/14/2020,Pennsauken Township,9
4/14/2020,Pine Hill Borough,1
4/14/2020,Runnemede Borough,1
4/14/2020,Somerdale Borough,1
4/14/2020,Stratford Borough,1
4/14/2020,Unknown,2
4/14/2020,Voorhees Township,6
4/14/2020,Winslow Township,6
4/14/2020,Woodlynne Borough,3
4/15/2020,Audubon Borough,1
4/15/2020,Barrington Borough,1
4/15/2020,Bellmawr Borough,1
4/15/2020,Camden City,22
4/15/2020,Cherry Hill Township,10
4/15/2020,Clementon Borough,2
4/15/2020,Collingswood Borough,2
4/15/2020,Gibbsboro Borough,1
4/15/2020,Gloucester City,1
4/15/2020,Gloucester Township,6
4/15/2020,Haddon Heights Borough,1
4/15/2020,Haddonfield Borough,1
4/15/2020,Lawnside Borough,1
4/15/2020,Lindenwold Borough,8
4/15/2020,Magnolia Borough,2
4/15/2020,Mount Ephraim Borough,3
4/15/2020,Oaklyn Borough,1
4/15/2020,Pennsauken Township,14
4/15/2020,Unknown,3
4/15/2020,Voorhees Township,6
4/15/2020,Winslow Township,6
4/15/2020,Woodlynne Borough,1
4/16/2020,Audubon Borough,1
4/16/2020,Barrington Borough,1
4/16/2020,Bellmawr Borough,2
4/16/2020,Brooklawn Borough,2
4/16/2020,Camden City,64
4/16/2020,Cherry Hill Township,16
4/16/2020,Collingswood Borough,1
4/16/2020,Gloucester Township,9
4/16/2020,Haddon Township,2
4/16/2020,Lindenwold Borough,5
4/16/2020,Merchantville Borough,1
4/16/2020,Mount Ephraim Borough,1
4/16/2020,Oaklyn Borough,1
4/16/2020,Pennsauken Township,14
4/16/2020,Pine Hill Borough,3
4/16/2020,Runnemede Borough,1
4/16/2020,Somerdale Borough,3
4/16/2020,Stratford Borough,1
4/16/2020,Unknown,1
4/16/2020,Voorhees Township,10
4/16/2020,Winslow Township,6
4/16/2020,Woodlynne Borough,5
4/17/2020,Barrington Borough,1
4/17/2020,Bellmawr Borough,1
4/17/2020,Camden City,34
4/17/2020,Cherry Hill Township,8
4/17/2020,Clementon Borough,2
4/17/2020,Gloucester City,1
4/17/2020,Gloucester Township,8
4/17/2020,Haddon Township,1
4/17/2020,Haddonfield Borough,2
4/17/2020,Lawnside Borough,1
4/17/2020,Lindenwold Borough,1
4/17/2020,Magnolia Borough,1
4/17/2020,Pennsauken Township,5
4/17/2020,Pine Hill Borough,1
4/17/2020,Somerdale Borough,1
4/17/2020,Stratford Borough,1
4/17/2020,Voorhees Township,14
4/17/2020,Winslow Township,2
4/17/2020,Woodlynne Borough,1
4/18/2020,Audubon Borough,1
4/18/2020,Bellmawr Borough,1
4/18/2020,Berlin Borough,1
4/18/2020,Camden City,36
4/18/2020,Cherry Hill Township,11
4/18/2020,Chesilhurst Borough,1
4/18/2020,Clementon Borough,2
4/18/2020,Collingswood Borough,1
4/18/2020,Gloucester City,1
4/18/2020,Gloucester Township,12
4/18/2020,Haddon Township,2
4/18/2020,Lawnside Borough,1
4/18/2020,Lindenwold Borough,2
4/18/2020,Mount Ephraim Borough,1
4/18/2020,Pennsauken Township,13
4/18/2020,Somerdale Borough,1
4/18/2020,Voorhees Township,4
4/18/2020,Winslow Township,8
4/18/2020,Woodlynne Borough,1
4/19/2020,Brooklawn Borough,1
4/19/2020,Camden City,44
4/19/2020,Cherry Hill Township,13
4/19/2020,Clementon Borough,2
4/19/2020,Collingswood Borough,4
4/19/2020,Gloucester City,1
4/19/2020,Gloucester Township,2
4/19/2020,Haddon Heights Borough,2
4/19/2020,Haddon Township,1
4/19/2020,Laurel Springs Borough,2
4/19/2020,Lindenwold Borough,2
4/19/2020,Oaklyn Borough,1
4/19/2020,Pennsauken Township,14
4/19/2020,Pine Hill Borough,2
4/19/2020,Runnemede Borough,1
4/19/2020,Stratford Borough,1
4/19/2020,Voorhees Township,3
4/19/2020,Winslow Township,10
4/19/2020,Woodlynne Borough,1
4/20/2020,Audubon Borough,1
4/20/2020,Bellmawr Borough,1
4/20/2020,Berlin Borough,2
4/20/2020,Camden City,26
4/20/2020,Cherry Hill Township,6
4/20/2020,Chesilhurst Borough,2
4/20/2020,Collingswood Borough,2
4/20/2020,Gloucester City,3
4/20/2020,Gloucester Township,7
4/20/2020,Haddon Township,2
4/20/2020,Lindenwold Borough,1
4/20/2020,Merchantville Borough,1
4/20/2020,Pennsauken Township,10
4/20/2020,Pine Hill Borough,1
4/20/2020,Somerdale Borough,1
4/20/2020,Stratford Borough,1
4/20/2020,Voorhees Township,1
4/20/2020,Winslow Township,7
4/21/2020,Audubon Borough,1
4/21/2020,Bellmawr Borough,2
4/21/2020,Berlin Borough,3
4/21/2020,Camden City,31
4/21/2020,Cherry Hill Township,30
4/21/2020,Clementon Borough,1
4/21/2020,Gloucester City,2
4/21/2020,Gloucester Township,8
4/21/2020,Haddon Township,2
4/21/2020,Laurel Springs Borough,1
4/21/2020,Lawnside Borough,1
4/21/2020,Lindenwold Borough,5
4/21/2020,Magnolia Borough,1
4/21/2020,Oaklyn Borough,2
4/21/2020,Pennsauken Township,9
4/21/2020,Pine Hill Borough,2
4/21/2020,Runnemede Borough,4
4/21/2020,Voorhees Township,11
4/21/2020,Winslow Township,8
4/21/2020,Woodlynne Borough,1
4/22/2020,Audubon Borough,1
4/22/2020,Audubon Park Borough,1
4/22/2020,Berlin Township,1
4/22/2020,Brooklawn Borough,1
4/22/2020,Camden City,43
4/22/2020,Cherry Hill Township,13
4/22/2020,Clementon Borough,3
4/22/2020,Collingswood Borough,1
4/22/2020,Gloucester Township,4
4/22/2020,Haddon Township,1
4/22/2020,Lawnside Borough,1
4/22/2020,Lindenwold Borough,6
4/22/2020,Merchantville Borough,1
4/22/2020,Pennsauken Township,7
4/22/2020,Runnemede Borough,1
4/22/2020,Somerdale Borough,1
4/22/2020,Voorhees Township,4
4/22/2020,Winslow Township,5
4/22/2020,Woodlynne Borough,2
4/23/2020,Bellmawr Borough,1
4/23/2020,Berlin Borough,1
4/23/2020,Camden City,36
4/23/2020,Cherry Hill Township,23
4/23/2020,Collingswood Borough,1
4/23/2020,Gloucester Township,9
4/23/2020,Laurel Springs Borough,1
4/23/2020,Lawnside Borough,2
4/23/2020,Lindenwold Borough,9
4/23/2020,Magnolia Borough,1
4/23/2020,Oaklyn Borough,1
4/23/2020,Pennsauken Township,9
4/23/2020,Pine Hill Borough,1
4/23/2020,Stratford Borough,1
4/23/2020,Voorhees Township,9
4/23/2020,Waterford Township,3
4/23/2020,Winslow Township,10
4/23/2020,Woodlynne Borough,3
4/24/2020,Audubon Borough,1
4/24/2020,Bellmawr Borough,1
4/24/2020,Berlin Borough,2
4/24/2020,Camden City,2
4/24/2020,Cherry Hill Township,11
4/24/2020,Gloucester Township,5
4/24/2020,Haddon Township,1
4/24/2020,Haddonfield Borough,1
4/24/2020,Lawnside Borough,2
4/24/2020,Lindenwold Borough,2
4/24/2020,Pennsauken Township,4
4/24/2020,Pine Hill Borough,1
4/24/2020,Stratford Borough,1
4/24/2020,Voorhees Township,3
4/24/2020,Woodlynne Borough,1
4/25/2020,Audubon Borough,3
4/25/2020,Barrington Borough,2
4/25/2020,Bellmawr Borough,1
4/25/2020,Berlin Township,1
4/25/2020,Camden City,43
4/25/2020,Cherry Hill Township,11
4/25/2020,Chesilhurst Borough,1
4/25/2020,Collingswood Borough,1
4/25/2020,Gloucester City,1
4/25/2020,Gloucester Township,10
4/25/2020,Haddon Heights Borough,1
4/25/2020,Haddon Township,3
4/25/2020,Haddonfield Borough,1
4/25/2020,Lawnside Borough,1
4/25/2020,Lindenwold Borough,5
4/25/2020,Pennsauken Township,7
4/25/2020,Pine Hill Borough,2
4/25/2020,Runnemede Borough,2
4/25/2020,Somerdale Borough,1
4/25/2020,Stratford Borough,1
4/25/2020,Voorhees Township,8
4/25/2020,Waterford Township,2
4/25/2020,Winslow Township,9
4/25/2020,Woodlynne Borough,4
4/26/2020,Bellmawr Borough,1
4/26/2020,Berlin Township,2
4/26/2020,Camden City,34
4/26/2020,Cherry Hill Township,1
4/26/2020,Clementon Borough,1
4/26/2020,Gloucester Township,3
4/26/2020,Lindenwold Borough,1
4/26/2020,Oaklyn Borough,5
4/26/2020,Pennsauken Township,2
4/26/2020,Pine Hill Borough,2
4/26/2020,Runnemede Borough,2
4/26/2020,Stratford Borough,1
4/26/2020,Unknown,1
4/26/2020,Voorhees Township,6
4/26/2020,Waterford Township,1
4/26/2020,Winslow Township,6
4/26/2020,Woodlynne Borough,1
4/27/2020,Audubon Borough,1
4/27/2020,Barrington Borough,2
4/27/2020,Bellmawr Borough,5
4/27/2020,Berlin Township,1
4/27/2020,Brooklawn Borough,1
4/27/2020,Camden City,50
4/27/2020,Cherry Hill Township,18
4/27/2020,Clementon Borough,1
4/27/2020,Collingswood Borough,1
4/27/2020,Gloucester City,2
4/27/2020,Gloucester Township,22
4/27/2020,Haddon Township,4
4/27/2020,Hi-Nella Borough,1
4/27/2020,Laurel Springs Borough,1
4/27/2020,Lindenwold Borough,9
4/27/2020,Merchantville Borough,1
4/27/2020,Mount Ephraim Borough,1
4/27/2020,Pennsauken Township,7
4/27/2020,Pine Hill Borough,1
4/27/2020,Somerdale Borough,1
4/27/2020,Stratford Borough,2
4/27/2020,Unknown,1
4/27/2020,Voorhees Township,9
4/27/2020,Winslow Township,22
4/27/2020,Woodlynne Borough,1
4/28/2020,Bellmawr Borough,4
4/28/2020,Berlin Borough,1
4/28/2020,Camden City,35
4/28/2020,Cherry Hill Township,30
4/28/2020,Clementon Borough,1
4/28/2020,Collingswood Borough,3
4/28/2020,Gloucester City,1
4/28/2020,Gloucester Township,9
4/28/2020,Haddon Township,1
4/28/2020,Lawnside Borough,1
4/28/2020,Lindenwold Borough,2
4/28/2020,Pennsauken Township,11
4/28/2020,Pine Hill Borough,2
4/28/2020,Somerdale Borough,1
4/28/2020,Stratford Borough,2
4/28/2020,Voorhees Township,4
4/28/2020,Winslow Township,7
4/28/2020,Woodlynne Borough,1
4/29/2020,Audubon Borough,2
4/29/2020,Barrington Borough,2
4/29/2020,Bellmawr Borough,1
4/29/2020,Camden City,24
4/29/2020,Cherry Hill Township,31
4/29/2020,Collingswood Borough,2
4/29/2020,Gloucester City,1
4/29/2020,Gloucester Township,9
4/29/2020,Haddon Heights Borough,1
4/29/2020,Haddon Township,2
4/29/2020,Lindenwold Borough,2
4/29/2020,Pennsauken Township,13
4/29/2020,Pine Hill Borough,2
4/29/2020,Runnemede Borough,1
4/29/2020,Somerdale Borough,1
4/29/2020,Stratford Borough,2
4/29/2020,Voorhees Township,7
4/29/2020,Winslow Township,4
4/29/2020,Woodlynne Borough,1
4/30/2020,Audubon Borough,1
4/30/2020,Bellmawr Borough,2
4/30/2020,Berlin Borough,1
4/30/2020,Camden City,28
4/30/2020,Cherry Hill Township,4
4/30/2020,Clementon Borough,3
4/30/2020,Collingswood Borough,1
4/30/2020,Gloucester Township,3
4/30/2020,Haddon Township,1
4/30/2020,Merchantville Borough,2
4/30/2020,Moorestown Township,1
4/30/2020,Pennsauken Township,6
4/30/2020,Pine Hill Borough,1
4/30/2020,Winslow Township,2
4/30/2020,Woodlynne Borough,1
5/1/2020,Barrington Borough,2
5/1/2020,Bellmawr Borough,1
5/1/2020,Brooklawn Borough,1
5/1/2020,Camden City,45
5/1/2020,Cherry Hill Township,12
5/1/2020,Clementon Borough,2
5/1/2020,Collingswood Borough,2
5/1/2020,Gloucester City,1
5/1/2020,Gloucester Township,6
5/1/2020,Haddon Heights Borough,1
5/1/2020,Haddon Township,1
5/1/2020,Lindenwold Borough,8
5/1/2020,Mount Ephraim Borough,1
5/1/2020,Oaklyn Borough,1
5/1/2020,Pennsauken Township,10
5/1/2020,Pine Hill Borough,1
5/1/2020,Runnemede Borough,1
5/1/2020,Stratford Borough,1
5/1/2020,Voorhees Township,8
5/1/2020,Winslow Township,7
5/1/2020,Woodlynne Borough,1
5/2/2020,Audubon Borough,2
5/2/2020,Barrington Borough,2
5/2/2020,Bellmawr Borough,5
5/2/2020,Brooklawn Borough,1
5/2/2020,Camden City,48
5/2/2020,Cherry Hill Township,9
5/2/2020,Gloucester City,2
5/2/2020,Gloucester Township,9
5/2/2020,Haddon Heights Borough,1
5/2/2020,Haddon Township,2
5/2/2020,Lawnside Borough,1
5/2/2020,Lindenwold Borough,15
5/2/2020,Merchantville Borough,2
5/2/2020,Pennsauken Township,7
5/2/2020,Somerdale Borough,1
5/2/2020,Voorhees Township,10
5/2/2020,Waterford Township,1
5/2/2020,Winslow Township,6
5/2/2020,Woodlynne Borough,2
5/3/2020,Bellmawr Borough,2
5/3/2020,Berlin Township,1
5/3/2020,Camden City,39
5/3/2020,Cherry Hill Township,9
5/3/2020,Gloucester City,3
5/3/2020,Gloucester Township,6
5/3/2020,Lawnside Borough,1
5/3/2020,Lindenwold Borough,6
5/3/2020,Merchantville Borough,1
5/3/2020,Mount Ephraim Borough,1
5/3/2020,Oaklyn Borough,1
5/3/2020,Pennsauken Township,4
5/3/2020,Pine Hill Borough,2
5/3/2020,Runnemede Borough,1
5/3/2020,Unknown,1
5/3/2020,Voorhees Township,3
5/3/2020,Waterford Township,1
5/3/2020,Winslow Township,6
5/3/2020,Woodlynne Borough,2
5/4/2020,Audubon Borough,1
5/4/2020,Bellmawr Borough,3
5/4/2020,Berlin Township,1
5/4/2020,Camden City,38
5/4/2020,Cherry Hill Township,10
5/4/2020,Gloucester City,4
5/4/2020,Gloucester Township,6
5/4/2020,Haddon Township,2
5/4/2020,Lindenwold Borough,12
5/4/2020,Merchantville Borough,1
5/4/2020,Mount Ephraim Borough,1
5/4/2020,Pennsauken Township,8
5/4/2020,Somerdale Borough,1
5/4/2020,Voorhees Township,7
5/4/2020,Waterford Township,1
5/4/2020,Winslow Township,8
5/4/2020,Woodlynne Borough,1
5/5/2020,,1
5/5/2020,Audubon Borough,2
5/5/2020,Audubon Park Borough,1
5/5/2020,Bellmawr Borough,2
5/5/2020,Berlin Township,1
5/5/2020,Brooklawn Borough,1
5/5/2020,Camden City,27
5/5/2020,Cherry Hill Township,11
5/5/2020,Clementon Borough,2
5/5/2020,Collingswood Borough,1
5/5/2020,Gloucester City,2
5/5/2020,Gloucester Township,6
5/5/2020,Lindenwold Borough,8
5/5/2020,Mount Ephraim Borough,1
5/5/2020,Pennsauken Township,6
5/5/2020,Pine Hill Borough,2
5/5/2020,Somerdale Borough,1
5/5/2020,Stratford Borough,1
5/5/2020,Voorhees Township,3
5/5/2020,Waterford Township,1
5/5/2020,Winslow Township,7
5/6/2020,Barrington Borough,2
5/6/2020,Bellmawr Borough,3
5/6/2020,Brooklawn Borough,1
5/6/2020,Camden City,20
5/6/2020,Cherry Hill Township,6
5/6/2020,Chesilhurst Borough,1
5/6/2020,Clementon Borough,2
5/6/2020,Gloucester City,2
5/6/2020,Gloucester Township,8
5/6/2020,Lindenwold Borough,4
5/6/2020,Pennsauken Township,9
5/6/2020,Pine Hill Borough,4
5/6/2020,Voorhees Township,3
5/6/2020,Waterford Township,4
5/6/2020,Winslow Township,9
5/7/2020,,2
5/7/2020,Berlin Borough,1
5/7/2020,Berlin Township,1
5/7/2020,Brooklawn Borough,1
5/7/2020,Camden City,9
5/7/2020,Cherry Hill Township,7
5/7/2020,Chesilhurst Borough,2
5/7/2020,Clementon Borough,1
5/7/2020,Collingswood Borough,3
5/7/2020,Gloucester Township,2
5/7/2020,Haddonfield Borough,1
5/7/2020,Lindenwold Borough,2
5/7/2020,Magnolia Borough,1
5/7/2020,Pennsauken Township,4
5/7/2020,Voorhees Township,1
5/7/2020,Winslow Township,4
5/7/2020,Woodlynne Borough,1
5/8/2020,Barrington Borough,1
5/8/2020,Bellmawr Borough,5
5/8/2020,Berlin Township,1
5/8/2020,Camden City,55
5/8/2020,Cherry Hill Township,14
5/8/2020,Clementon Borough,1
5/8/2020,Collingswood Borough,1
5/8/2020,Gloucester City,6
5/8/2020,Gloucester Township,5
5/8/2020,Haddon Township,1
5/8/2020,Lindenwold Borough,14
5/8/2020,Magnolia Borough,1
5/8/2020,Merchantville Borough,2
5/8/2020,Oaklyn Borough,1
5/8/2020,Pennsauken Township,12
5/8/2020,Pine Hill Borough,3
5/8/2020,Runnemede Borough,2
5/8/2020,Stratford Borough,2
5/8/2020,Voorhees Township,5
5/8/2020,Waterford Township,1
5/8/2020,Winslow Township,6
5/8/2020,Woodlynne Borough,1
5/9/2020,Audubon Borough,3
5/9/2020,Bellmawr Borough,3
5/9/2020,Berlin Township,3
5/9/2020,Brooklawn Borough,1
5/9/2020,Camden City,53
5/9/2020,Cherry Hill Township,28
5/9/2020,Chesilhurst Borough,1
5/9/2020,Clementon Borough,1
5/9/2020,Gloucester City,3
5/9/2020,Gloucester Township,9
5/9/2020,Haddon Township,1
5/9/2020,Lindenwold Borough,19
5/9/2020,Magnolia Borough,1
5/9/2020,Merchantville Borough,1
5/9/2020,Pennsauken Township,27
5/9/2020,Pine Hill Borough,3
5/9/2020,Runnemede Borough,3
5/9/2020,Somerdale Borough,2
5/9/2020,Stratford Borough,4
5/9/2020,Voorhees Township,10
5/9/2020,Winslow Township,17
5/9/2020,Woodlynne Borough,2
5/10/2020,Bellmawr Borough,1
5/10/2020,Berlin Borough,2
5/10/2020,Brooklawn Borough,3
5/10/2020,Camden City,17
5/10/2020,Cherry Hill Township,11
5/10/2020,Chesilhurst Borough,1
5/10/2020,Clementon Borough,1
5/10/2020,Collingswood Borough,1
5/10/2020,Gloucester City,2
5/10/2020,Gloucester Township,10
5/10/2020,Laurel Springs Borough,1
5/10/2020,Lindenwold Borough,4
5/10/2020,Magnolia Borough,1
5/10/2020,Merchantville Borough,1
5/10/2020,Mount Ephraim Borough,1
5/10/2020,Pennsauken Township,5
5/10/2020,Pine Hill Borough,1
5/10/2020,Runnemede Borough,6
5/10/2020,Voorhees Township,9
5/10/2020,Waterford Township,1
5/10/2020,Winslow Township,15
5/11/2020,Barrington Borough,1
5/11/2020,Berlin Township,1
5/11/2020,Camden City,36
5/11/2020,Cherry Hill Township,9
5/11/2020,Clementon Borough,2
5/11/2020,Collingswood Borough,1
5/11/2020,Gloucester City,2
5/11/2020,Gloucester Township,6
5/11/2020,Haddon Heights Borough,1
5/11/2020,Lindenwold Borough,5
5/11/2020,Magnolia Borough,1
5/11/2020,Pennsauken Township,8
5/11/2020,Pine Hill Borough,1
5/11/2020,Runnemede Borough,1
5/11/2020,Somerdale Borough,1
5/11/2020,Voorhees Township,6
5/11/2020,Waterford Township,3
5/11/2020,Winslow Township,6
5/11/2020,Woodlynne Borough,2
5/12/2020,Berlin Township,1
5/12/2020,Camden City,3
5/12/2020,Cherry Hill Township,6
5/12/2020,Gloucester City,1
5/12/2020,Gloucester Township,4
5/12/2020,Pine Hill Borough,1
5/12/2020,Voorhees Township,6
5/13/2020,Audubon Borough,6
5/13/2020,Audubon Park Borough,1
5/13/2020,Barrington Borough,4
5/13/2020,Bellmawr Borough,19
5/13/2020,Berlin Borough,9
5/13/2020,Berlin Township,4
5/13/2020,Brooklawn Borough,2
5/13/2020,Camden City,319
5/13/2020,Cherry Hill Township,121
5/13/2020,Chesilhurst Borough,8
5/13/2020,Clementon Borough,5
5/13/2020,Collingswood Borough,4
5/13/2020,Gibbsboro Borough,2
5/13/2020,Gloucester City,16
5/13/2020,Gloucester Township,65
5/13/2020,Haddon Heights Borough,6
5/13/2020,Haddon Township,18
5/13/2020,Haddonfield Borough,11
5/13/2020,Laurel Springs Borough,1
5/13/2020,Lawnside Borough,5
5/13/2020,Lindenwold Borough,59
5/13/2020,Magnolia Borough,1
5/13/2020,Merchantville Borough,2
5/13/2020,Oaklyn Borough,2
5/13/2020,Pennsauken Township,85
5/13/2020,Pine Hill Borough,17
5/13/2020,Runnemede Borough,11
5/13/2020,Somerdale Borough,9
5/13/2020,Stratford Borough,7
5/13/2020,Voorhees Township,70
5/13/2020,Waterford Township,10
5/13/2020,Winslow Township,62
5/13/2020,Woodlynne Borough,9
5/14/2020,Audubon Borough,1
5/14/2020,Bellmawr Borough,1
5/14/2020,Brooklawn Borough,1
5/14/2020,Camden City,33
5/14/2020,Cherry Hill Township,19
5/14/2020,Clementon Borough,1
5/14/2020,Collingswood Borough,1
5/14/2020,Gloucester City,1
5/14/2020,Gloucester Township,4
5/14/2020,Haddon Heights Borough,1
5/14/2020,Haddon Township,1
5/14/2020,Laurel Springs Borough,1
5/14/2020,Lawnside Borough,1
5/14/2020,Lindenwold Borough,4
5/14/2020,Merchantville Borough,2
5/14/2020,Mount Ephraim Borough,1
5/14/2020,Pennsauken Township,16
5/14/2020,Pine Hill Borough,1
5/14/2020,Voorhees Township,7
5/14/2020,Waterford Township,3
5/14/2020,Winslow Township,13
5/15/2020,Berlin Township,1
5/15/2020,Camden City,18
5/15/2020,Cherry Hill Township,11
5/15/2020,Collingswood Borough,1
5/15/2020,Gloucester Township,9
5/15/2020,Haddon Township,2
5/15/2020,Haddonfield Borough,2
5/15/2020,Lindenwold Borough,7
5/15/2020,Mount Ephraim Borough,1
5/15/2020,Pennsauken Township,5
5/15/2020,Pine Hill Borough,1
5/15/2020,Somerdale Borough,1
5/15/2020,Voorhees Township,10
5/15/2020,Winslow Township,9
5/16/2020,Bellmawr Borough,1
5/16/2020,Berlin Township,2
5/16/2020,Camden City,29
5/16/2020,Cherry Hill Township,11
5/16/2020,Chesilhurst Borough,1
5/16/2020,Clementon Borough,1
5/16/2020,Gloucester City,1
5/16/2020,Gloucester Township,8
5/16/2020,Haddonfield Borough,2
5/16/2020,Lindenwold Borough,13
5/16/2020,Oaklyn Borough,1
5/16/2020,Pennsauken Township,8
5/16/2020,Runnemede Borough,2
5/16/2020,Somerdale Borough,2
5/16/2020,Stratford Borough,2
5/16/2020,Voorhees Township,7
5/16/2020,Winslow Township,8
5/17/2020,Audubon Park Borough,1
5/17/2020,Barrington Borough,1
5/17/2020,Bellmawr Borough,2
5/17/2020,Berlin Borough,1
5/17/2020,Berlin Township,1
5/17/2020,Camden City,29
5/17/2020,Cherry Hill Township,6
5/17/2020,Chesilhurst Borough,1
5/17/2020,Clementon Borough,1
5/17/2020,Collingswood Borough,1
5/17/2020,Gloucester City,1
5/17/2020,Gloucester Township,7
5/17/2020,Haddon Heights Borough,1
5/17/2020,Haddon Township,1
5/17/2020,Laurel Springs Borough,1
5/17/2020,Lindenwold Borough,10
5/17/2020,Merchantville Borough,1
5/17/2020,Mount Ephraim Borough,1
5/17/2020,Pennsauken Township,7
5/17/2020,Pine Hill Borough,1
5/17/2020,Somerdale Borough,1
5/17/2020,Stratford Borough,1
5/17/2020,Voorhees Township,24
5/17/2020,Winslow Township,2
5/18/2020,Bellmawr Borough,4
5/18/2020,Berlin Township,2
5/18/2020,Camden City,13
5/18/2020,Cherry Hill Township,5
5/18/2020,Gloucester Township,13
5/18/2020,Lawnside Borough,1
5/18/2020,Lindenwold Borough,5
5/18/2020,Pennsauken Township,7
5/18/2020,Pine Hill Borough,1
5/18/2020,Runnemede Borough,1
5/18/2020,Voorhees Township,17
5/18/2020,Waterford Township,2
5/18/2020,Winslow Township,4
5/19/2020,Audubon Park Borough,1
5/19/2020,Berlin Borough,1
5/19/2020,Camden City,42
5/19/2020,Cherry Hill Township,3
5/19/2020,Chesilhurst Borough,1
5/19/2020,Clementon Borough,1
5/19/2020,Collingswood Borough,1
5/19/2020,Gloucester Township,16
5/19/2020,Haddonfield Borough,3
5/19/2020,Laurel Springs Borough,1
5/19/2020,Lindenwold Borough,14
5/19/2020,Merchantville Borough,1
5/19/2020,Oaklyn Borough,1
5/19/2020,Pennsauken Township,5
5/19/2020,Stratford Borough,1
5/19/2020,Voorhees Township,1
5/19/2020,Waterford Township,2
5/19/2020,Winslow Township,4
5/19/2020,Woodlynne Borough,1
5/20/2020,Bellmawr Borough,2
5/20/2020,Camden City,24
5/20/2020,Cherry Hill Township,7
5/20/2020,Clementon Borough,1
5/20/2020,Collingswood Borough,1
5/20/2020,Gloucester Township,15
5/20/2020,Lawnside Borough,2
5/20/2020,Lindenwold Borough,9
5/20/2020,Merchantville Borough,2
5/20/2020,Pennsauken Township,7
5/20/2020,Pine Hill Borough,1
5/20/2020,Somerdale Borough,1
5/20/2020,Stratford Borough,1
5/20/2020,Voorhees Township,5
5/20/2020,Waterford Township,2
5/20/2020,Winslow Township,4
5/21/2020,Audubon Borough,1
5/21/2020,Berlin Township,1
5/21/2020,Brooklawn Borough,1
5/21/2020,Camden City,50
5/21/2020,Cherry Hill Township,5
5/21/2020,Clementon Borough,4
5/21/2020,Gloucester City,2
5/21/2020,Gloucester Township,3
5/21/2020,Haddon Heights Borough,1
5/21/2020,Haddon Township,1
5/21/2020,Haddonfield Borough,1
5/21/2020,Laurel Springs Borough,1
5/21/2020,Lindenwold Borough,4
5/21/2020,Merchantville Borough,3
5/21/2020,Mount Ephraim Borough,1
5/21/2020,Pennsauken Township,7
5/21/2020,Pine Hill Borough,3
5/21/2020,Runnemede Borough,2
5/21/2020,Stratford Borough,2
5/21/2020,Voorhees Township,7
5/21/2020,Waterford Township,3
5/21/2020,Winslow Township,4
5/22/2020,Audubon Borough,1
5/22/2020,Camden City,9
5/22/2020,Cherry Hill Township,11
5/22/2020,Gloucester City,2
5/22/2020,Gloucester Township,6
5/22/2020,Lawnside Borough,1
5/22/2020,Lindenwold Borough,5
5/22/2020,Pennsauken Township,2
5/22/2020,Pine Hill Borough,2
5/22/2020,Voorhees Township,4
5/22/2020,Waterford Township,1
5/22/2020,Winslow Township,2
5/23/2020,Audubon Borough,1
5/23/2020,Barrington Borough,1
5/23/2020,Bellmawr Borough,2
5/23/2020,Berlin Township,3
5/23/2020,Brooklawn Borough,1
5/23/2020,Camden City,50
5/23/2020,Cherry Hill Township,8
5/23/2020,Gloucester Township,18
5/23/2020,Haddon Heights Borough,1
5/23/2020,Haddon Township,1
5/23/2020,Lawnside Borough,2
5/23/2020,Lindenwold Borough,4
5/23/2020,Magnolia Borough,1
5/23/2020,Pennsauken Township,11
5/23/2020,Pine Hill Borough,2
5/23/2020,Runnemede Borough,1
5/23/2020,Somerdale Borough,2
5/23/2020,Stratford Borough,1
5/23/2020,Voorhees Township,5
5/23/2020,Waterford Township,1
5/23/2020,Winslow Township,5
5/23/2020,Woodlynne Borough,1
5/24/2020,Barrington Borough,1
5/24/2020,Berlin Township,1
5/24/2020,Camden City,7
5/24/2020,Cherry Hill Township,1
5/24/2020,Clementon Borough,1
5/24/2020,Collingswood Borough,1
5/24/2020,Gloucester City,1
5/24/2020,Gloucester Township,1
5/24/2020,Lawnside Borough,1
5/24/2020,Lindenwold Borough,3
5/24/2020,Merchantville Borough,2
5/24/2020,Runnemede Borough,2
5/24/2020,Voorhees Township,3
5/25/2020,Bellmawr Borough,1
5/25/2020,Berlin Township,1
5/25/2020,Camden City,16
5/25/2020,Cherry Hill Township,7
5/25/2020,Collingswood Borough,1
5/25/2020,Gloucester Township,11
5/25/2020,Lawnside Borough,1
5/25/2020,Lindenwold Borough,13
5/25/2020,Magnolia Borough,1
5/25/2020,Mount Ephraim Borough,2
5/25/2020,Pennsauken Township,8
5/25/2020,Pine Hill Borough,2
5/25/2020,Somerdale Borough,1
5/25/2020,Stratford Borough,1
5/25/2020,Waterford Township,4
5/25/2020,Winslow Township,5
5/25/2020,Woodlynne Borough,2
5/26/2020,Barrington Borough,1
5/26/2020,Berlin Township,2
5/26/2020,Brooklawn Borough,1
5/26/2020,Camden City,21
5/26/2020,Cherry Hill Township,25
5/26/2020,Collingswood Borough,2
5/26/2020,Gloucester City,1
5/26/2020,Gloucester Township,9
5/26/2020,Lindenwold Borough,3
5/26/2020,Pennsauken Township,6
5/26/2020,Stratford Borough,1
5/26/2020,Voorhees Township,23
5/26/2020,Waterford Township,2
5/27/2020,Camden City,30
5/27/2020,Cherry Hill Township,3
5/27/2020,Collingswood Borough,3
5/27/2020,Gloucester City,1
5/27/2020,Gloucester Township,3
5/27/2020,Lindenwold Borough,1
5/27/2020,Merchantville Borough,2
5/27/2020,Pennsauken Township,7
5/27/2020,Winslow Township,4
5/28/2020,Audubon Borough,2
5/28/2020,Barrington Borough,2
5/28/2020,Bellmawr Borough,2
5/28/2020,Berlin Township,1
5/28/2020,Brooklawn Borough,1
5/28/2020,Camden City,23
5/28/2020,Cherry Hill Township,8
5/28/2020,Clementon Borough,2
5/28/2020,Collingswood Borough,2
5/28/2020,Gloucester City,1
5/28/2020,Gloucester Township,17
5/28/2020,Haddon Heights Borough,1
5/28/2020,Haddonfield Borough,3
5/28/2020,Lindenwold Borough,4
5/28/2020,Magnolia Borough,1
5/28/2020,Pennsauken Township,5
5/28/2020,Pine Hill Borough,3
5/28/2020,Runnemede Borough,1
5/28/2020,Somerdale Borough,2
5/28/2020,Stratford Borough,2
5/28/2020,Voorhees Township,10
5/28/2020,Winslow Township,6
5/28/2020,Woodlynne Borough,1
5/29/2020,Barrington Borough,1
5/29/2020,Bellmawr Borough,1
5/29/2020,Berlin Township,2
5/29/2020,Camden City,12
5/29/2020,Cherry Hill Township,8
5/29/2020,Clementon Borough,2
5/29/2020,Gloucester Township,11
5/29/2020,Haddon Township,3
5/29/2020,Hi-Nella Borough,1
5/29/2020,Lawnside Borough,1
5/29/2020,Lindenwold Borough,2
5/29/2020,Mount Ephraim Borough,1
5/29/2020,Pennsauken Township,1
5/29/2020,Pine Hill Borough,2
5/29/2020,Voorhees Township,4
5/29/2020,Waterford Township,1
5/29/2020,Winslow Township,6
5/30/2020,Bellmawr Borough,2
5/30/2020,Berlin Township,2
5/30/2020,Camden City,23
5/30/2020,Cherry Hill Township,9
5/30/2020,Collingswood Borough,1
5/30/2020,Gloucester City,1
5/30/2020,Gloucester Township,6
5/30/2020,Haddon Township,1
5/30/2020,Haddonfield Borough,2
5/30/2020,Lindenwold Borough,4
5/30/2020,Merchantville Borough,1
5/30/2020,Mount Ephraim Borough,1
5/30/2020,Pennsauken Township,8
5/30/2020,Runnemede Borough,1
5/30/2020,Stratford Borough,1
5/30/2020,Voorhees Township,5
5/30/2020,Winslow Township,3
5/30/2020,Woodlynne Borough,2
5/31/2020,Audubon Borough,1
5/31/2020,Bellmawr Borough,3
5/31/2020,Berlin Borough,1
5/31/2020,Camden City,31
5/31/2020,Cherry Hill Township,9
5/31/2020,Collingswood Borough,1
5/31/2020,Gloucester Township,16
5/31/2020,Lawnside Borough,1
5/31/2020,Lindenwold Borough,7
5/31/2020,Magnolia Borough,1
5/31/2020,Mount Ephraim Borough,1
5/31/2020,Pennsauken Township,4
5/31/2020,Runnemede Borough,1
5/31/2020,Stratford Borough,1
5/31/2020,Voorhees Township,4
5/31/2020,Waterford Township,1
5/31/2020,Winslow Township,2
6/1/2020,Bellmawr Borough,1
6/1/2020,Berlin Borough,1
6/1/2020,Camden City,18
6/1/2020,Cherry Hill Township,6
6/1/2020,Collingswood Borough,1
6/1/2020,Gloucester City,1
6/1/2020,Gloucester Township,12
6/1/2020,Lawnside Borough,1
6/1/2020,Lindenwold Borough,4
6/1/2020,Pennsauken Township,4
6/1/2020,Pine Hill Borough,1
6/1/2020,Runnemede Borough,1
6/1/2020,Voorhees Township,2
6/1/2020,Winslow Township,1
6/1/2020,Woodlynne Borough,1
6/2/2020,Audubon Borough,1
6/2/2020,Audubon Park Borough,1
6/2/2020,Barrington Borough,1
6/2/2020,Bellmawr Borough,2
6/2/2020,Berlin Borough,2
6/2/2020,Camden City,11
6/2/2020,Cherry Hill Township,8
6/2/2020,Chesilhurst Borough,1
6/2/2020,Clementon Borough,1
6/2/2020,Collingswood Borough,2
6/2/2020,Gloucester City,1
6/2/2020,Gloucester Township,7
6/2/2020,Haddon Township,1
6/2/2020,Lindenwold Borough,1
6/2/2020,Pennsauken Township,2
6/2/2020,Pine Hill Borough,1
6/2/2020,Runnemede Borough,1
6/2/2020,Voorhees Township,3
6/2/2020,Winslow Township,5
6/3/2020,Bellmawr Borough,2
6/3/2020,Camden City,20
6/3/2020,Cherry Hill Township,14
6/3/2020,Chesilhurst Borough,1
6/3/2020,Collingswood Borough,1
6/3/2020,Gloucester Township,5
6/3/2020,Lindenwold Borough,1
6/3/2020,Pennsauken Township,3
6/3/2020,Pine Hill Borough,1
6/3/2020,Stratford Borough,1
6/3/2020,Voorhees Township,5
6/3/2020,Winslow Township,4
6/3/2020,Woodlynne Borough,1
6/4/2020,Audubon Borough,1
6/4/2020,Camden City,11
6/4/2020,Cherry Hill Township,4
6/4/2020,Gloucester Township,4
6/4/2020,Lawnside Borough,1
6/4/2020,Lindenwold Borough,2
6/4/2020,Oaklyn Borough,1
6/4/2020,Pennsauken Township,2
6/4/2020,Voorhees Township,4
6/4/2020,Waterford Township,1
6/4/2020,Winslow Township,1
